{
  "acceleration": {
    "ENABLED": true,
    "IS_TREASURE": false,
    "IS_FOR_SALE": true,
    "RARITY": 2,
    "SOFT_CAP": 5,
    "HARD_CAP": 5,
    "BASE_POWER": -9,
    "POWER_PER_RANK": 10,
    "POWER_RANGE": 50,
    "TIMEOUT": 50,
    "MAX_ACCELERATION_STACKS": 5.0
  },
  "airline": {
    "ENABLED": true,
    "IS_TREASURE": false,
    "IS_FOR_SALE": true,
    "RARITY": 3,
    "SOFT_CAP": 3,
    "HARD_CAP": 5,
    "BASE_POWER": 5,
    "POWER_PER_RANK": 10,
    "POWER_RANGE": 50,
    "BASE_DURATION": 0,
    "DURATION_PER_RANK": 40
  },
  "attractive": {
    "ENABLED": true,
    "IS_TREASURE": false,
    "IS_FOR_SALE": true,
    "RARITY": 3,
    "SOFT_CAP": 1,
    "HARD_CAP": 1,
    "BASE_POWER": 0,
    "POWER_PER_RANK": 20,
    "POWER_RANGE": 50,
    "RANGE": 5,
    "STRENGTH": 0.03
  },
  "buffered": {
    "ENABLED": true,
    "IS_TREASURE": false,
    "IS_FOR_SALE": true,
    "RARITY": 2,
    "SOFT_CAP": 3,
    "HARD_CAP": 3,
    "BASE_POWER": -3,
    "POWER_PER_RANK": 8,
    "POWER_RANGE": 50,
    "RECOVERY_RATE": 180.0,
    "MAX_PER_RANK": 2.0,
    "DISPLAY": "aura"
  },
  "caveIn": {
    "ENABLED": true,
    "IS_TREASURE": false,
    "IS_FOR_SALE": true,
    "RARITY": 4,
    "SOFT_CAP": 3,
    "HARD_CAP": 5,
    "BASE_POWER": 0,
    "POWER_PER_RANK": 10,
    "POWER_RANGE": 50,
    "MAX_BLAST_RES": 99
  },
  "deathWish": {
    "ENABLED": true,
    "IS_TREASURE": false,
    "IS_FOR_SALE": true,
    "RARITY": 3,
    "SOFT_CAP": 4,
    "HARD_CAP": 4,
    "BASE_POWER": -10,
    "POWER_PER_RANK": 11,
    "POWER_RANGE": 50,
    "DAMAGE_FACTOR_BASE": 0.05,
    "DAMAGE_FACTOR_PER_LEVEL": 0.05
  },
  "demolition": {
    "ENABLED": true,
    "IS_TREASURE": false,
    "IS_FOR_SALE": true,
    "RARITY": 2,
    "SOFT_CAP": 5,
    "HARD_CAP": 8,
    "BASE_POWER": -9,
    "POWER_PER_RANK": 10,
    "POWER_RANGE": 50,
    "BASE_EXPLOSION_POWER": 1.0,
    "EXPLOSION_POWER_PER_RANK": 0.5
  },
  "despoiling": {
    "ENABLED": true,
    "IS_TREASURE": false,
    "IS_FOR_SALE": true,
    "RARITY": 3,
    "SOFT_CAP": 3,
    "HARD_CAP": 3,
    "BASE_POWER": 6,
    "POWER_PER_RANK": 9,
    "POWER_RANGE": 50,
    "DURATION_BASE": 40,
    "DURATION_PER_LEVEL": 20
  },
  "dullness": {
    "ENABLED": true,
    "IS_TREASURE": false,
    "IS_FOR_SALE": true,
    "RARITY": 3,
    "SOFT_CAP": 5,
    "HARD_CAP": 10,
    "BASE_POWER": -7,
    "POWER_PER_RANK": 8,
    "POWER_RANGE": 50
  },
  "fisherOfMen": {
    "ENABLED": true,
    "IS_TREASURE": false,
    "IS_FOR_SALE": true,
    "RARITY": 4,
    "SOFT_CAP": 3,
    "HARD_CAP": 3,
    "BASE_POWER": -1,
    "POWER_PER_RANK": 10,
    "POWER_RANGE": 50,
    "BASE_DAMAGE": 2.0,
    "DAMAGE_PER_LEVEL": 1.5
  },
  "fleshWound": {
    "ENABLED": true,
    "IS_TREASURE": false,
    "IS_FOR_SALE": true,
    "RARITY": 2,
    "SOFT_CAP": 4,
    "HARD_CAP": 4,
    "BASE_POWER": -10,
    "POWER_PER_RANK": 11,
    "POWER_RANGE": 50,
    "ABSORPTION_PER_DAMAGE_PER_LEVEL": 0.125
  },
  "grace": {
    "ENABLED": true,
    "IS_TREASURE": false,
    "IS_FOR_SALE": true,
    "RARITY": 2,
    "SOFT_CAP": 4,
    "HARD_CAP": 4,
    "BASE_POWER": -10,
    "POWER_PER_RANK": 11,
    "POWER_RANGE": 50,
    "IFRAME_TICKS_PER_LEVEL": 3,
    "IFRAME_MAGNITUDE_PER_LEVEL": 0.15
  },
  "hearty": {
    "ENABLED": true,
    "IS_TREASURE": false,
    "IS_FOR_SALE": true,
    "RARITY": 2,
    "SOFT_CAP": 4,
    "HARD_CAP": 4,
    "BASE_POWER": -10,
    "POWER_PER_RANK": 11,
    "POWER_RANGE": 50,
    "HEALTH_FACTOR_BASE": 0.1,
    "HEALTH_FACTOR_PER_LEVEL": 0.1
  },
  "hover": {
    "ENABLED": true,
    "IS_TREASURE": false,
    "IS_FOR_SALE": true,
    "RARITY": 3,
    "SOFT_CAP": 3,
    "HARD_CAP": 3,
    "BASE_POWER": 0,
    "POWER_PER_RANK": 15,
    "POWER_RANGE": 50,
    "DURATION_BASE": 0,
    "DURATION_PER_LEVEL": 10,
    "UPWARD_DRIFT": 0.0085
  },
  "impersonal": {
    "ENABLED": true,
    "IS_TREASURE": false,
    "IS_FOR_SALE": true,
    "RARITY": 3,
    "SOFT_CAP": 1,
    "HARD_CAP": 1,
    "BASE_POWER": 0,
    "POWER_PER_RANK": 20,
    "POWER_RANGE": 50
  },
  "jousting": {
    "ENABLED": true,
    "IS_TREASURE": false,
    "IS_FOR_SALE": true,
    "RARITY": 2,
    "SOFT_CAP": 3,
    "HARD_CAP": 3,
    "BASE_POWER": -15,
    "POWER_PER_RANK": 16,
    "POWER_RANGE": 50
  },
  "lastGasp": {
    "ENABLED": true,
    "IS_TREASURE": false,
    "IS_FOR_SALE": true,
    "RARITY": 2,
    "SOFT_CAP": 4,
    "HARD_CAP": 4,
    "BASE_POWER": -10,
    "POWER_PER_RANK": 11,
    "POWER_RANGE": 50,
    "SECONDS_TO_DIE": 10,
    "HEALTH_REBOUND_PER_RANK": 0.0625,
    "INSTANT_MAX_HEALTH_LOSS_FACTOR": 0.5,
    "RECOVERY_FROM_EXPERIENCE": 0.01
  },
  "launching": {
    "ENABLED": true,
    "IS_TREASURE": false,
    "IS_FOR_SALE": true,
    "RARITY": 3,
    "SOFT_CAP": 2,
    "HARD_CAP": 2,
    "BASE_POWER": -15,
    "POWER_PER_RANK": 20,
    "POWER_RANGE": 50
  },
  "legacy": {
    "ENABLED": true,
    "IS_TREASURE": true,
    "IS_FOR_SALE": true,
    "RARITY": 3,
    "SOFT_CAP": 1,
    "HARD_CAP": 1,
    "BASE_POWER": 10,
    "POWER_PER_RANK": 0,
    "POWER_RANGE": 50
  },
  "metabolising": {
    "ENABLED": true,
    "IS_TREASURE": true,
    "IS_FOR_SALE": true,
    "RARITY": 3,
    "SOFT_CAP": 1,
    "HARD_CAP": 1,
    "BASE_POWER": 15,
    "POWER_PER_RANK": 10,
    "POWER_RANGE": 50,
    "EXHAUSTION_COST": 3.0,
    "FOOD_THRESHOLD": 18
  },
  "monogamous": {
    "ENABLED": false,
    "IS_TREASURE": false,
    "IS_FOR_SALE": true,
    "RARITY": 4,
    "SOFT_CAP": 1,
    "HARD_CAP": 1,
    "BASE_POWER": -10,
    "POWER_PER_RANK": 20,
    "POWER_RANGE": 50,
    "DURATION": 12000
  },
  "mounted": {
    "ENABLED": false,
    "IS_TREASURE": false,
    "IS_FOR_SALE": true,
    "RARITY": 2,
    "SOFT_CAP": 5,
    "HARD_CAP": 5,
    "BASE_POWER": -7,
    "POWER_PER_RANK": 8,
    "POWER_RANGE": 50,
    "DAMAGE_BASE": 0.0,
    "DAMAGE_PER_LEVEL": 1.5,
    "PROJECTILE_BASE": 0.5,
    "PROJECTILE_PER_LEVEL": 0.3
  },
  "outburst": {
    "ENABLED": true,
    "IS_TREASURE": false,
    "IS_FOR_SALE": true,
    "RARITY": 3,
    "SOFT_CAP": 3,
    "HARD_CAP": 3,
    "BASE_POWER": -10,
    "POWER_PER_RANK": 20,
    "POWER_RANGE": 50,
    "RAGE_PER_HIT": 2,
    "RAGE_THRESHOLD": 6,
    "SHOCKWAVE_FORCE": 0.5,
    "SHOCKWAVE_POWER": 6.0,
    "SHOCKWAVE_RANGE": 2.0
  },
  "pestilence": {
    "ENABLED": true,
    "IS_TREASURE": false,
    "IS_FOR_SALE": true,
    "RARITY": 3,
    "SOFT_CAP": 3,
    "HARD_CAP": 3,
    "BASE_POWER": -10,
    "POWER_PER_RANK": 20,
    "POWER_RANGE": 50,
    "DAMAGE_PER_EFFECT": 0.5,
    "RADIUS_SQUARED_PER_LEVEL": 0.5,
    "DURATION_PER_LEVEL": 20,
    "STATUS_DURATION_FACTOR": 0.5,
    "MAX_STATUS_DURATION": 600,
    "PESTILENCE_DAMAGE_FREQUENCY": 25,
    "PESTILENCE_DAMAGE_FREQUENCY_OFFSET": 11,
    "MAX_DAMAGE_LEVELS_PER_EFFECT": 4
  },
  "phaseLeap": {
    "ENABLED": true,
    "IS_TREASURE": false,
    "IS_FOR_SALE": true,
    "RARITY": 3,
    "SOFT_CAP": 3,
    "HARD_CAP": 3,
    "BASE_POWER": 0,
    "POWER_PER_RANK": 15,
    "POWER_RANGE": 50
  },
  "phaseStrafe": {
    "ENABLED": true,
    "IS_TREASURE": false,
    "IS_FOR_SALE": true,
    "RARITY": 3,
    "SOFT_CAP": 3,
    "HARD_CAP": 3,
    "BASE_POWER": 0,
    "POWER_PER_RANK": 15,
    "POWER_RANGE": 50
  },
  "photosynthetic": {
    "ENABLED": true,
    "IS_TREASURE": true,
    "IS_FOR_SALE": true,
    "RARITY": 3,
    "SOFT_CAP": 1,
    "HARD_CAP": 1,
    "BASE_POWER": 15,
    "POWER_PER_RANK": 10,
    "POWER_RANGE": 50,
    "LIGHT_MINIMUM": 8,
    "REPAIR_PERIOD": 40
  },
  "polygamous": {
    "ENABLED": false,
    "IS_TREASURE": false,
    "IS_FOR_SALE": true,
    "RARITY": 3,
    "SOFT_CAP": 1,
    "HARD_CAP": 1,
    "BASE_POWER": -10,
    "POWER_PER_RANK": 20,
    "POWER_RANGE": 50,
    "DURATION": 12000
  },
  "priming": {
    "ENABLED": true,
    "IS_TREASURE": false,
    "IS_FOR_SALE": true,
    "RARITY": 3,
    "SOFT_CAP": 5,
    "HARD_CAP": 8,
    "BASE_POWER": 5,
    "POWER_PER_RANK": 5,
    "POWER_RANGE": 20,
    "DURATION": 60
  },
  "prospector": {
    "ENABLED": true,
    "IS_TREASURE": false,
    "IS_FOR_SALE": true,
    "RARITY": 3,
    "SOFT_CAP": 3,
    "HARD_CAP": 3,
    "BASE_POWER": 6,
    "POWER_PER_RANK": 9,
    "POWER_RANGE": 50,
    "RADIUS": 3,
    "DETECT_ABUSE": true,
    "NEW_CHUNK_GRACE_PERIOD": 200
  },
  "rampage": {
    "ENABLED": true,
    "IS_TREASURE": false,
    "IS_FOR_SALE": true,
    "RARITY": 3,
    "SOFT_CAP": 3,
    "HARD_CAP": 3,
    "BASE_POWER": -15,
    "POWER_PER_RANK": 16,
    "POWER_RANGE": 50,
    "DAMAGE_BASE": 5.0,
    "DAMAGE_PER_LEVEL": 3.0,
    "DURATION_BASE": 40,
    "DURATION_PER_LEVEL": 20
  },
  "redAlert": {
    "ENABLED": true,
    "IS_TREASURE": false,
    "IS_FOR_SALE": true,
    "RARITY": 2,
    "SOFT_CAP": 4,
    "HARD_CAP": 4,
    "BASE_POWER": -10,
    "POWER_PER_RANK": 11,
    "POWER_RANGE": 50,
    "RECOVERY_RATE": 240,
    "RECOVERY_REDUCTION": 40,
    "SHIELD_DURATION": 600,
    "MINIMUM_RECOVERY_TIME": 20
  },
  "repulsive": {
    "ENABLED": true,
    "IS_TREASURE": false,
    "IS_FOR_SALE": true,
    "RARITY": 3,
    "SOFT_CAP": 1,
    "HARD_CAP": 1,
    "BASE_POWER": 0,
    "POWER_PER_RANK": 20,
    "POWER_RANGE": 50,
    "RANGE": 5,
    "STRENGTH": 0.03
  },
  "resurfacing": {
    "ENABLED": true,
    "IS_TREASURE": true,
    "IS_FOR_SALE": true,
    "RARITY": 3,
    "SOFT_CAP": 1,
    "HARD_CAP": 1,
    "BASE_POWER": 10,
    "POWER_PER_RANK": 0,
    "POWER_RANGE": 50,
    "ATTEMPTS_PER_CHEST": 6,
    "CHANCE_PER_ATTEMPT": 0.35
  },
  "rockCollector": {
    "ENABLED": true,
    "IS_TREASURE": false,
    "IS_FOR_SALE": true,
    "RARITY": 4,
    "SOFT_CAP": 1,
    "HARD_CAP": 1,
    "BASE_POWER": -19,
    "POWER_PER_RANK": 20,
    "POWER_RANGE": 50
  },
  "saturated": {
    "ENABLED": true,
    "IS_TREASURE": false,
    "IS_FOR_SALE": true,
    "RARITY": 2,
    "SOFT_CAP": 3,
    "HARD_CAP": 3,
    "BASE_POWER": -3,
    "POWER_PER_RANK": 8,
    "POWER_RANGE": 50,
    "EXHAUSTION_COST": 1.0,
    "FOOD_THRESHOLD": 20
  },
  "scalping": {
    "ENABLED": true,
    "IS_TREASURE": false,
    "IS_FOR_SALE": true,
    "RARITY": 3,
    "SOFT_CAP": 3,
    "HARD_CAP": 3,
    "BASE_POWER": 6,
    "POWER_PER_RANK": 9,
    "POWER_RANGE": 50,
    "DROP_FACTOR_PER_LEVEL": 0.3333,
    "CARRYOVER_DECAY": 0.5
  },
  "selfish": {
    "ENABLED": true,
    "IS_TREASURE": true,
    "IS_FOR_SALE": true,
    "RARITY": 3,
    "SOFT_CAP": 1,
    "HARD_CAP": 1,
    "BASE_POWER": 15,
    "POWER_PER_RANK": 10,
    "POWER_RANGE": 50
  },
  "skotosynthetic": {
    "ENABLED": true,
    "IS_TREASURE": true,
    "IS_FOR_SALE": true,
    "RARITY": 3,
    "SOFT_CAP": 1,
    "HARD_CAP": 1,
    "BASE_POWER": 15,
    "POWER_PER_RANK": 10,
    "POWER_RANGE": 50,
    "LIGHT_MAXIMUM": 7,
    "REPAIR_PERIOD": 40
  },
  "spikes": {
    "ENABLED": true,
    "IS_TREASURE": false,
    "IS_FOR_SALE": true,
    "RARITY": 3,
    "SOFT_CAP": 3,
    "HARD_CAP": 3,
    "BASE_POWER": -10,
    "POWER_PER_RANK": 20,
    "POWER_RANGE": 50,
    "DAMAGE_PER_LEVEL": 0.5
  },
  "storied": {
    "ENABLED": true,
    "IS_TREASURE": true,
    "IS_FOR_SALE": false,
    "RARITY": 1,
    "SOFT_CAP": 1,
    "HARD_CAP": 1,
    "BASE_POWER": 0,
    "POWER_PER_RANK": 0,
    "POWER_RANGE": 50,
    "WORDS_PER_LEVEL_BASE": 20,
    "WORDS_PER_LEVEL_FIRST_DEGREE": -22,
    "WORDS_PER_LEVEL_SECOND_DEGREE": 22,
    "ALLOW_NEW_PLOTHOOKS": true,
    "RARITY_OF_NEW_PLOTHOOKS": 2
  },
  "tethering": {
    "ENABLED": true,
    "IS_TREASURE": false,
    "IS_FOR_SALE": true,
    "RARITY": 2,
    "SOFT_CAP": 3,
    "HARD_CAP": 3,
    "BASE_POWER": 5,
    "POWER_PER_RANK": 10,
    "POWER_RANGE": 50,
    "ATTRACTION_FACTOR": 1.0,
    "LEASH_LENGTH": 5.0
  },
  "trophyCollector": {
    "ENABLED": true,
    "IS_TREASURE": false,
    "IS_FOR_SALE": true,
    "RARITY": 4,
    "SOFT_CAP": 1,
    "HARD_CAP": 1,
    "BASE_POWER": -19,
    "POWER_PER_RANK": 20,
    "POWER_RANGE": 50
  },
  "warlike": {
    "ENABLED": true,
    "IS_TREASURE": false,
    "IS_FOR_SALE": true,
    "RARITY": 3,
    "SOFT_CAP": 2,
    "HARD_CAP": 3,
    "BASE_POWER": 0,
    "POWER_PER_RANK": 15,
    "POWER_RANGE": 50,
    "DIFFICULTY_PER_RANK": 2.0
  },
  "widened": {
    "ENABLED": true,
    "IS_TREASURE": false,
    "IS_FOR_SALE": true,
    "RARITY": 2,
    "SOFT_CAP": 5,
    "HARD_CAP": 8,
    "BASE_POWER": -9,
    "POWER_PER_RANK": 10,
    "POWER_RANGE": 50,
    "REQUIRE_EXACT_MATCHING_BLOCK": true,
    "ALLOW_UNSUITABLE_TOOL": false,
    "REQUIRE_UNCOVERED_BLOCK": true,
    "REQUIRE_CONTIGUOUS_BREAK": true,
    "IS_DIAGONAL_CONTIGUOUS": true,
    "MAXIMUM_HARDNESS_GAIN": 0.0,
    "MAXIMUM_HARDNESS_LOSS": 0.0,
    "MINING_SPEED_FACTOR": 0.7
  },
  "CAN_SHIELD_HAVE_ARMOR_ENCHANTMENTS": false,
  "POWER_TO_EXCEED_SOFT_CAP": 20,
  "COLLECTOR_DISPLAY_UPDATE_PERIOD": 20,
  "COLLECTOR_WINDOW_SIZE": 10,
  "DISABLE_INCOMPATIBILITY": false,
  "DESTRUCTIVE_SHOCKWAVES": false,
  "UNLIMITED_CAVE_IN": false,
  "TAKE_ANY_TROPHY": false,
  "COLLECT_ANY_ROCK": false,
  "YANDERE_TOOLS": false,
  "STORIED_WORLD": false
}