{
  "Minecraft Server": {
    "options": [
      "mod.stepup.config.dostepup",
      "mod.stepup.config.nostepup",
      "mod.stepup.config.vanillajump"
    ],
    "key": "Minecraft Server",
    "toolTip": "mod.stepup.config.tt.onthisserver",
    "value": 0,
    "defaultValue": 0,
    "minValue": 0,
    "maxValue": 2
  },
  "mod.stepup.config.default": {
    "options": [
      "mod.stepup.config.dostepup",
      "mod.stepup.config.nostepup",
      "mod.stepup.config.vanillajump"
    ],
    "key": "Default on new servers",
    "toolTip": "",
    "value": 0,
    "defaultValue": 0,
    "minValue": 0,
    "maxValue": 2
  },
  "Jaspion": {
    "options": [
      "mod.stepup.config.dostepup",
      "mod.stepup.config.nostepup",
      "mod.stepup.config.vanillajump"
    ],
    "key": "Jaspion",
    "toolTip": "mod.stepup.config.tt.onthisserver",
    "value": 1,
    "defaultValue": 0,
    "minValue": 0,
    "maxValue": 2
  }
}